JH1JDI/1,22/01/02,17:35J,599,599,144.078,CW,,,J*,,,saori,"%/1 埼玉県志木市(JCC#1328)　移動%",0,user
JA1RL,22/01/03,16:53J,59,59,50,SSB,,,J*,,,matui,"%/1 埼玉県志木市(JCC#1328)　移動%",0,
7K3AOH,22/01/04,17:49J,59,59,430,FM,,,J*,,,yamazaki,"%/1 埼玉県志木市(JCC#1328)　移動%",0,
JO1AKI,22/01/04,21:40J,-13,-16,144.461,FT8,,QM05,A#,,,siri,"%/1 埼玉県志木市(JCC#1328)　移動%",0,hQSL
JA0VZT/P,22/01/04,21:48J,+07,5-1,144.461,FT8,,,J*,,,,"%/1 埼玉県志木市(JCC#1328)　移動%",0,hQSL
JN1NNN,22/01/04,21:49J,+08,+0,144.461,FT8,,,JWE,,,mitio,"%/1 埼玉県志木市(JCC#1328)　移動%",0,hQSL
JG1UDE,22/01/05,10:14J,+8,+0,50,FT8,,,J*,,,MITIO,"%/1 埼玉県志木市(JCC#1328)　移動%",0,user
JG1TSG,22/01/05,10:15J,+1,-3,50,FT8,,,J*,,,iwa,"%/1 埼玉県志木市(JCC#1328)　移動%",0,
JP1WAU,22/01/05,10:17J,+1,-3,50,FT8,,,J*,,,kazu,"%/1 埼玉県志木市(JCC#1328)　移動%",0,user
7L4SAM,22/01/05,10:19J,+11,+6,50,FT8,,,JWE,,,kami,"%/1 埼玉県志木市(JCC#1328)　移動%",0,hQSL
JR1FTY,22/01/05,10:21J,-18,-11,50,FT8,,,J*,,,MOH,"%/1 埼玉県志木市(JCC#1328)　移動%",0,user
JA9IAX/P,22/01/05,10:16J,-11,+1,50,FT8,,,JWE,,,kiyo,"%/1 埼玉県志木市(JCC#1328)　移動%",0,hQSL
JA2HOL,22/01/05,10:33J,-20,-00,7,FT8,,,J*,,,kazu,"%/1 埼玉県志木市(JCC#1328)　移動%",0,user
JR9KDJ,22/01/05,10:45J,-14,-16,7,FT8,,,JW,,,,"%/1 埼玉県志木市(JCC#1328)　移動%",0,hQSL
JH7OTG,22/01/05,10:45J,-15,-24,7,FT8,,,J*,,,toshi,"%/1 埼玉県志木市(JCC#1328)　移動%",0,user
JA1NXV,22/01/05,10:52J,-15,-24,7,FT8,,,J*,,,hide,"%/1 埼玉県志木市(JCC#1328)　移動%",0,user
JK1MZT,22/01/05,10:56J,-11,-09,7,FT8,,,J*,,,hito,"%/1 埼玉県志木市(JCC#1328)　移動%",0,user
JH1PFO,22/01/05,10:59J,-18,-09,7,FT8,,,J*,,,nori,"%/1 埼玉県志木市(JCC#1328)　移動%",0,user
JG4AKL,22/01/05,11:10J,-05,-04,7,FT8,,,J*,,,jun,"%/1 埼玉県志木市(JCC#1328)　移動%",0,
JK1EBN,22/01/05,11:14J,-18,-14,7,FT8,,,JW,,,,"%/1 埼玉県志木市(JCC#1328)　移動%",0,hQSL
JH1KDN,22/01/05,11:16J,-05,-04,7,FT8,,,J*Q,,,SHIN,"%/1 埼玉県志木市(JCC#1328)　移動%",0,user
JN7LYE,22/01/05,11:26J,-06,-12,7,FT8,,,J*,,,nobo,"%/1 埼玉県志木市(JCC#1328)　移動%",0,user
JA2QNV,22/01/05,11:27J,+01,-10,7,FT8,,,J*,,,hide,"%/1 埼玉県志木市(JCC#1328)　移動%",0,user
JR0CXS,22/01/05,11:49J,-09,-04,7,FT8,,,JW,,,hirai,"%/1 埼玉県志木市(JCC#1328)　移動%",0,hQSL
JO1KXP,22/01/05,14:18J,--2,-02,7,FT8,,,JW,,,,"%/1 埼玉県志木市(JCC#1328)　移動%",0,hQSL
JK3HFN,22/01/05,14:34J,-16,+03,7,FT8,,,JWE,,,kiyo,"%/1 埼玉県志木市(JCC#1328)　移動%",0,hQSL
JK2NNF,22/01/05,14:39J,-23,+01,7,FT8,,,JW,,,,"%/1 埼玉県志木市(JCC#1328)　移動%",0,hQSL
JJ1NIU,22/01/06,18:17J,-18,-16,50,FT8,,,J*,,,TAK,"%/1 埼玉県志木市(JCC#1328)　移動%",0,
7M1HID,22/01/06,21:42J,+01,-12,144,FT8,,,J*,,,ARAI,"%/1 埼玉県志木市(JCC#1328)　移動%",0,
JG1HAN,22/01/07,11:37J,59,-01,-01,FT8,,,JW,,,KAN,"%/1 埼玉県志木市(JCC#1328)　移動%",0,hQSL
JA0AMA/P,22/05/30,10:51J,-16,-03,7.04294,FT8,,QM05,JWE,,,,,0,hQSL
3D2RRR,22/05/30,04:08U,-11,+12,21.0755,FT8,,RH87,J*,,,,,8,
JQ2NVK,22/05/30,17:53J,+03,+08,430.511,FT8,,PM85,A#*,,,,,0,
VK6BMA,22/05/31,07:36U,-20,-19,21.0753,FT8,759A,OF78,##,,Australia,,,8,
ZL1LC,22/06/01,03:51U,-14,+04,21.074,FT8,,RF73,J*,,"New Zealand",,,8,
FK8HM,22/06/02,08:39U,-22,-12,21.0752,FT8,,RG37,##*,,,,,8,
BD7BS,22/06/02,08:40U,-02,-06,21.0752,FT8,565A,OL69,##,,China,,,8,
JA2VWG,22/06/02,19:47J,+07,-02,144.461,FT8,,,A#Q,,,,,0,
JH0VJW,22/06/02,19:52J,+10,-13,144.461,FT8,,PM97,J*,,,,,0,
JS2KZR,22/06/02,19:53J,+18,-05,144.461,FT8,1912,,#SQ,稲熊,岐阜県土岐市,,,0,hQSL
JS2CJY,22/06/02,20:04J,+05,+10,144.461,FT8,,PM85,J*,,,,,0,
JG2AJK,22/06/02,20:24J,+10,-04,144.461,FT8,2004,PM85,##Q,"森 ""Yoshi""",愛知県一宮市,,,0,user
JJ0WIE,22/06/02,20:27J,-10,+03,144.461,FT8,,PM85,J*,,,,,0,
JA3OKC,22/06/02,20:28J,-09,-13,144.461,FT8,2211,PM74,A#,小阪(Yoshi),京都府八幡市,,,0,user
JH3KHS,22/06/02,20:30J,-10,-14,144.461,FT8,250120,,J*,高木健治,大阪市住吉区,,,0,user
JR2IGV,22/06/02,20:32J,+08,+04,144.461,FT8,2008,PM84,A#Q,夏目,愛知県豊川市,,,0,user
JJ0WIE,22/06/02,20:33J,-07,+00,144.461,FT8,,PM85,J*,,,,,0,
JA3RHL,22/06/02,20:33J,+05,-01,144.461,FT8,2727,PM74,ASQ,"正木  孝明",兵庫県淡路市,,,0,hQSL
JA3OEN,22/06/02,20:35J,-04,-05,144.461,FT8,24005B,,J*,牧野鋼三,奈良県磯城郡田原本町,,,0,user
JA3KCM,22/06/02,20:36J,-15,-15,144.461,FT8,2503,,ASQ,"山本  佳一",大阪府岸和田市,,,0,hQSL
JA3RHL,22/06/02,20:37J,+13,-15,144.461,FT8,2727,PM74,AS,"正木  孝明",兵庫県淡路市,,,0,hQSL
JA3OKC,22/06/02,20:38J,-12,-11,144.461,FT8,2211,PM74,A#,小阪(Yoshi),京都府八幡市,,,0,user
JH2RWP,22/06/02,20:39J,+06,+11,144.461,FT8,19008F,PM85,A#Q,"神戸  秀雄",岐阜県加茂郡七宗町,,,0,user
JH3KCW,22/06/02,20:49J,-05,-11,144.461,FT8,2411,PM74,##,"吉川 寛",奈良県葛城市,,,0,user
8N3H75Y,22/06/02,20:52J,-16,-22,144.461,FT8,,,J*,,,,,0,
JR2UBS,22/06/02,21:07J,+20,-03,144.461,FT8,,PM85,##Q,,,,,0,
JS2JJM,22/06/02,21:32J,+29,+00,144.461,FT8,2101,PM84,#SQ,秋好倫明,三重県津市,,,0,hQSL
VK4GP,22/06/03,05:22U,-21,-12,21.0752,FT8,759A,QG62,##Q,,Australia,,,8,
BI4JNV,22/06/03,05:24U,-17,-22,21.0752,FT8,565A,OM96,##,,China,,,8,
BA6KC,22/06/03,08:28U,-11,-09,21.0752,FT8,565A,OM65,##Q,,China,,,8,
JE2SOL,22/06/03,19:42J,+12,-09,144.461,FT8,,PM84,A#Q,,,,,0,
JK2KNH,22/06/03,19:44J,+14,-07,144.461,FT8,180204,PM84,#SE,西崎滋昭,浜松市南区,,,0,hQSL
JA0KEK,22/06/03,19:48J,+06,-12,144.461,FT8,,PM97,J*,,,,,0,
7M2PDT,22/06/03,19:50J,-04,-08,144.461,FT8,12011B,QM05,#SQ,"梅澤  周幸",千葉県長生郡白子町,,,0,hQSL
JF2RJP,22/06/03,19:51J,+22,+21,144.461,FT8,1921,,ASE,"松岡  NAO",岐阜県海津市,,,0,hQSL
JK2MGT,22/06/03,19:53J,+05,+03,144.461,FT8,,PM84,J*,,,,,0,
JE0KLX,22/06/04,21:00J,-02,-06,144.461,FT8,,,JW,,,,,0,hQSL
JJ1VEX,22/06/04,21:01J,-18,-11,144.461,FT8,,PM96,JW,,,,,0,hQSL
JA1GZK,22/06/04,21:10J,-19,-20,144.461,FT8,,PM96,#SQ,,,,,0,hQSL
JA2KTX,22/06/04,21:21J,+18,-02,144.461,FT8,,PM84,A#Q,,,,,0,
JH3KER,22/06/05,09:03J,-04,-06,7.04208,FT8,,PM74,ASQ,,,,,0,hQSL
JE1BFK,22/06/05,09:05J,-18,-17,7.04208,FT8,,QM05,A#,,,,,0,
JH1KDN,22/06/05,09:06J,-14,-10,7.04208,FT8,,PM95,A#Q,,,,,0,user
JE1BFK,22/06/05,09:08J,-13,-10,7.04208,FT8,,QM05,A#,,,,,0,
JQ1LSN,22/06/05,09:09J,-12,-10,7.04208,FT8,,PM96,ASE,,,,,0,hQSL
JA1RHX,22/06/05,09:10J,+00,-20,7.04208,FT8,,PM96,JW,,,,,0,hQSL
JH2WHV,22/06/05,09:11J,-15,+08,7.04208,FT8,,,J*,,,,,0,user
JH3CGT,22/06/05,09:12J,-06,-06,7.04208,FT8,,PM75,JW,,,,,0,hQSL
JH2FCW,22/06/05,09:13J,-03,+00,7.04208,FT8,,PM85,A#,,,,,0,
JE1PGA,22/06/05,09:12J,-02,-02,7.04208,FT8,,PM95,#S,,,,,0,hQSL
JH3ALW,22/06/05,09:16J,-11,-05,7.04208,FT8,,PM74,J*,,,,,0,user
JA1UMQ,22/06/05,09:18J,-12,-03,7.04208,FT8,,PM95,##Q,,,,,0,user
YC9AJL,22/06/05,04:09U,-14,-13,21.0761,FT8,794A,OI71,##,,Indonesia,,,8,
YB9RPF,22/06/05,10:54U,-09,-11,7.07644,FT8,794A,PI58,J*,,Indonesia,,,8,
JF3SFK,22/06/05,21:09J,-14,-14,144.461,FT8,,PM75,##Q,,,,,0,user
JP3EXR,22/06/05,21:11J,+07,-11,144.461,FT8,,PM74,##Q,,,,,0,user
JL1CWS,22/06/05,21:20J,-18,-15,144.461,FT8,,PM95,A#,,,,,0,
BG2EFX,22/06/06,02:32U,-05,-11,21.0758,FT8,565A,PN26,##Q,,China,,,8,
JF2UZW,22/06/06,13:32J,+17,-03,144.461,FT8,200103,PM85,##Q,八幡／Yawata,名古屋市北区,,,0,user
IK4IDF,22/06/06,05:17U,-25,-04,21.0758,FT8,640A,JN54,##Q,,Italy,,,8,
SP8AJK,22/06/06,06:41U,-18,-18,21.0758,FT8,703A,,##,,Poland,,,8,
HL3WAT,22/06/06,06:42U,-06,-03,21.0758,FT8,634A,PM36,J*,,"Republic of Korea",,,8,
JR1TMI,22/06/06,15:55J,-21,-16,144.461,FT8,134410,PM95,ASQ,進藤,さいたま市岩槻区,,,0,hQSL
JF1KIC,22/06/06,15:57J,-10,-08,144.461,FT8,110110,PM95,#SQ,"久保田""KATS""",横浜市戸塚区,,,0,hQSL
N7RO,22/06/07,06:28U,+02,-01,21.0757,FT8,784A,CN88,##,,"United States of America",,,8,
BD6IF,22/06/07,06:29U,-05,-19,21.0757,FT8,565A,OM64,##Q,,China,,,8,
5Z4VJ,22/06/07,06:39U,-13,-13,21.0747,FT8,534A,KI88,##,,Kenya,,,8,
BV2NF,22/06/07,06:56U,-04,-23,21.0747,FT8,566A,PL05,A#Q,,Taiwan,,,8,
BH1HWF,22/06/07,06:57U,-15,-11,21.0747,FT8,565A,ON80,##Q,,"China (BEIJING)",,,8,
NL8F,22/06/07,11:02U,-07,-05,7.07616,FT8,667A,AO63,##Q,,Alaska,,,8,
HL3EFM,22/06/07,11:15U,+00,-14,7.07645,FT8,634A,PM36,##,,"Republic of Korea",,,8,
JM2TKL,22/06/07,20:21J,-18,-11,144.461,FT8,1919,PM85,A#Q,"田中 博昭",岐阜県郡上市,,,0,user
JA3GZF,22/06/07,20:26J,-04,-11,144.461,FT8,2309,PM84,#SQ,"松尾  裕",滋賀県甲賀市,,,0,hQSL
WA0OII,22/06/07,12:29U,-09,-13,7.07645,FT8,784A,QK23,##,,"United States of America",,,8,
JR3UPT,22/06/07,21:36J,-13,-11,144.461,FT8,2205,,##Q,"増山 / JACK",京都府宇治市,,,0,user
JG3QHX,22/06/08,14:34J,-15,-09,144.461,FT8,2513,,#SR,"菊池 真/Mak",大阪府茨木市,,,0,hQSL
HK3J,22/06/08,05:45U,-08,-18,21.0764,FT8,631A,FJ24,##,,Colombia,,,8,
YB1CUZ,22/06/08,06:41U,-14,-15,21.0764,FT8,794A,OI32,##Q,,Indonesia,,,8,
RG0S,22/06/08,06:42U,-08,-08,21.0764,FT8,732A,OO22,A#Q,,"Asiatic Russia",,,8,
JG2GUE,22/06/08,16:32J,-15,-10,144.461,FT8,2004,PM85,J*,内藤／mino,愛知県一宮市,,,0,user
JR9VIY/P,22/06/08,16:41J,-19,-17,144.461,FT8,,PM87,JW,"櫻井  裕",,,,0,hQSL
JE9PAW/P,22/06/08,18:20J,-14,-10,144.461,FT8,3004,PM87,JSE,"岡田 /Oka",石川県輪島市,,,0,hQSL
HS0ZBS,22/06/09,02:27U,-14,-05,21.0764,FT8,637A,OK03,A#Q,,Thailand,,,8,
SV1HFE,22/06/09,03:53U,-19,-20,21.0758,FT8,707A,KM18,A#,,Greece,,,8,
LZ3CB,22/06/09,06:35U,-19,-20,21.0763,FT8,675A,KN32,##,,Bulgaria,,,8,
JP3AWA,22/06/09,15:52J,-18,-19,144.461,FT8,250125,PM74,##,山野/JUN,大阪市住之江区,,,0,user
DU8VJ,22/06/09,07:12U,-04,-08,21.0762,FT8,589A,PJ26,##Q,,Philippines,,,8,
JS2KAI,22/06/09,17:06J,+17,+01,144.461,FT8,,PM85,##Q,,,,,0,
LY3PW,22/06/09,09:15U,-17,-13,21.0764,FT8,748A,KO05,##Q,,Lithuania,,,8,
LW1DZ,22/06/09,11:28U,-12,-13,7.07645,FT8,673A,GF05,##,,Argentina,,,8,
CX4BAN,22/06/09,11:33U,-18,-20,7.07638,FT8,582A,GF15,##,,Uruguay,,,8,
JK1EBN,22/06/10,03:54J,-09,-15,7.04338,FT8,100105,PM95,#LQ,"山岡  修",東京都文京区,,,0,hQSL
JE7XIM,22/06/10,04:00J,-01,-01,7.04338,FT8,,QM07,J*,,,,,0,
JN7BPV,22/06/10,04:06J,+02,+18,7.04338,FT8,0412,QM09,#SQ,小林孝一/KOB,秋田県大仙市,,,0,hQSL
R0CQ,22/06/10,07:37U,+14,+07,144.461,FT8,732A,PN78,J*,,"Asiatic Russia",,,8,
4L8A,22/06/10,07:55U,-07,-12,21.0760,FT8,730A,LN21,##,,Georgia,,,8,
W0MU,22/06/10,10:55U,-13,-14,7.07603,FT8,784A,DM79,##,,"United States of America",,,8,
CX2SA,22/06/10,11:01U,-13,-17,7.07603,FT8,582A,GF18,##Q,,Uruguay,,,8,
KB6C,22/06/10,11:11U,-07,-06,7.07603,FT8,784A,DM04,##,,"United States of America",,,8,
JH3PPY,22/06/10,20:18J,-01,-05,144.461,FT8,250205,PM74,J*,"南口  正己",堺市南区,,,0,user
VK6RK,22/06/11,03:55U,-24,-14,28.0760,FT8,759A,OF77,##Q,,Australia,,,8,
BH4BNQ,22/06/11,03:53U,-04,-11,28.0760,FT8,565A,PM01,##Q,,China,,,8,
BH2UEZ,22/06/11,03:59U,-08,-16,28.0760,FT8,565A,PM08,##,,China,,,8,
BX0QSL,22/06/11,04:03U,-01,+08,28.0760,FT8,566A,PL05,J#Q,,"Taiwan  (Islands & Special)",,,8,
BD5CAM,22/06/11,04:05U,-04,-17,28.0760,FT8,565A,PL09,##,,China,,,8,
VK4BAP,22/06/11,04:07U,-18,+02,28.0760,FT8,759A,QG49,##,,Australia,,,8,
8N3H75Y,22/06/11,15:00J,+03,+04,7.04303,FT8,,,J*,,,,,0,
JA7HTO,22/06/11,15:01J,+02,-01,7.04303,FT8,0412,,##Q,"伊藤  徳明",秋田県大仙市,,,0,user
JA0EFR,22/06/11,15:03J,59,59,7.04303,FT8,0812,PM98,#SQ,"佐野 一郎",新潟県村上市,,,0,hQSL
JA2AHR,22/06/11,15:04J,+01,-01,7.04303,FT8,2102,PM84,JSE,川口.yoshi,三重県四日市市,,,0,hQSL
JK2KNH,22/06/11,15:05J,-01,+05,7.04303,FT8,180204,PM84,#SR,西崎滋昭,浜松市南区,,,0,hQSL
JJ1SZA,22/06/11,15:06J,+02,-05,7.04303,FT8,120103,QM05,#SQ,"浅田  義一",千葉市稲毛区,,,0,hQSL
JL2OBL,22/06/11,15:07J,+00,+06,7.04303,FT8,21006B,PM85,JSE,"上村  ｶﾐﾑﾗ",三重県員弁郡東員町,,,0,hQSL
JI3ERY,22/06/11,15:08J,-15,-02,7.04303,FT8,250120,PM74,#SQ,"上前/ MAKO",大阪市住吉区,,,0,hQSL
JF4OZY,22/06/11,15:08J,-02,-01,7.04303,FT8,310102,,A#Q,"植野  幸治",岡山市中区,,,0,user
JR9NWH,22/06/11,15:09J,-01,-02,7.04303,FT8,2904,PM75,A#Q,"上野  KAZ",福井県小浜市,,,0,user
JA4VPS,22/06/11,15:14J,+01,+01,7.04303,FT8,3514,PM64,AS,田中,広島県廿日市市,,,0,hQSL
JA5FNX,22/06/11,15:17J,+02,+00,7.04303,FT8,,PM63,##Q,,,,,0,
JM8KDE/P,22/06/11,15:19J,-09,-03,7.04303,FT8,,QN02,JSE,高木,,,,0,hQSL
JP2JNU,22/06/11,15:20J,-02,+01,7.04303,FT8,1811,PM84,#SR,小林,静岡県磐田市,,,0,hQSL
JN7EGV/P,22/06/11,15:21J,-03,-09,7.04303,FT8,1314,PM95,JSE,"土田 靖夫",埼玉県春日部市,,,0,hQSL
JF2CTS,22/06/11,17:39J,+01,-05,144.461,FT8,2008,PM84,#SQ,野本/SHIN,愛知県豊川市,,,0,hQSL
JE8OGI,22/06/11,17:41J,-20,-12,7.04303,FT8,0104,QN01,ASR,"村田 隆",北海道函館市,,,0,hQSL
BV3UF,22/06/11,08:45U,-16,-12,144.461,FT8,566A,PL04,##Q,,Taiwan,,,8,
BV3UF,22/06/11,08:46U,+02,-05,144.461,FT8,566A,PL04,##Q,,Taiwan,,,8,
JP1RBJ,22/06/11,18:15J,-06,-09,7.04303,FT8,134403,PM95,J*,浅井,さいたま市大宮区,,,0,user
JO6SNH,22/06/11,18:17J,-03,-02,7.04303,FT8,45002B,PM52,#SR,岡野,宮崎県児湯郡高鍋町,,,0,hQSL
JA9DGI,22/06/11,18:19J,+03,-04,7.04303,FT8,28003A,PM86,##,谷口/ari,富山県下新川郡朝日町,,,0,user
JR1TMI,22/06/11,18:19J,-01,-02,7.04303,FT8,134410,PM95,ASR,進藤,さいたま市岩槻区,,,0,hQSL
JR7QZH,22/06/11,18:21J,-17,-04,7.04303,FT8,,QM08,A#Q,,,,,0,
JH7UKE,22/06/11,18:23J,+00,-07,7.04303,FT8,060102,QM08,#SQ,"大友 一博",仙台市宮城野区,,,0,hQSL
JK3JXP,22/06/11,18:25J,-02,-08,7.04303,FT8,2301,PM74,#SQ,菊地/KIKU,滋賀県大津市,,,0,hQSL
JF3HWO,22/06/11,18:26J,-12,-07,7.04303,FT8,,PM74,#SE,猪又拓道,,,,0,hQSL
JR2UYG,22/06/11,18:27J,-01,+07,7.04303,FT8,180101,PM95,#SR,藁科貴郁Taka,静岡市葵区,,,0,hQSL
JA2JRG,22/06/12,13:28J,+17,+14,144.461,FT8,2104,PM84,##,杉山,三重県松阪市,,,0,user
JS2AGG,22/06/12,13:30J,+14,-03,144.461,FT8,2011,PM84,##Q,小林,愛知県刈谷市,,,0,user
JJ2UDF/P,22/06/12,13:31J,+30,+18,144.461,FT8,20003I,PM85,JWE,杉野文則,愛知県海部郡飛島村,,,0,hQSL
JO2ATZ,22/06/12,15:05J,-18,-14,144.461,FT8,1919,PM85,#SQ,小島,岐阜県郡上市,,,0,hQSL
VK8NAH,22/06/12,06:42U,-18,+08,28.0747,FT8,759A,PH57,A#Q,,Australia,,,8,
JQ2NVK,22/06/12,18:36J,+03,+06,144.461,FT8,,PM85,A#Q,,,,,0,
7K4GDC,22/06/12,18:38J,-19,+06,144.461,FT8,13006D,PM96,##,サトウヒロキ,埼玉県児玉郡神川町,,,0,user
JA2BYQ,22/06/12,18:44J,+22,+08,144.461,FT8,2038,PM85,J*,"水野  秀朗",愛知県みよし市,,,0,user
W7XE,22/06/12,12:10U,-15,-22,7.07551,FT8,784A,CN85,##Q,,"United States of America",,,8,
9V1SH,22/06/12,12:13U,-18,-10,7.07551,FT8,554A,OJ11,##Q,,Singapore,,,8,
9W8LJW,22/06/12,12:18U,-08,-18,7.07551,FT8,550A,OJ51,##Q,,"East Malaysia",,,8,
JR3XEX,22/06/13,14:23J,-07,+06,7.04265,FT8,22014E,PM75,ASQ,"伊達 寿夫",京都府与謝郡与謝野町,,,0,hQSL
JA7EHB,22/06/13,14:25J,-13,+01,7.04265,FT8,,QM08,J*,,,,,0,
JR3DXJ,22/06/13,14:26J,+03,+04,7.04265,FT8,2524,PM74,#SQ,"印藤 Toshi",大阪府箕面市,,,0,hQSL
JA6VLW,22/06/13,14:26J,-20,-11,7.04265,FT8,4401,PM53,#SE,"森下 mori",大分県大分市,,,0,hQSL
JH3IEF,22/06/13,14:31J,-07,-05,7.04265,FT8,,PM74,##Q,,,,,0,
8J7SDGS,22/06/13,14:35J,-15,-22,7.04265,FT8,,,J*,,,,,0,
7N4NGN/P,22/06/13,14:37J,-20,-08,7.04265,FT8,,,JSR,"大津  範男",,,,0,hQSL
JG3AGB,22/06/13,14:38J,-11,-07,7.04265,FT8,270107,PM74,#SR,"雪井  正",神戸市北区,,,0,hQSL
VK2LX,22/06/14,02:55U,59,59,21.0760,FT8,759A,QF44,##,,Australia,,,8,
BI3MXN,22/06/14,02:53U,-18,-7,21.074,FT8,565A,OM99,J*,,China,,,8,
JR2TER,22/06/14,13:55J,+21,-01,144.461,FT8,2008,PM84,##,山下,愛知県豊川市,,,0,user
E74K,22/06/14,10:58U,-12,-14,21.0760,FT8,837A,JN95,##,,Bosnia-Herzegovina,,,8,
BG5CNL,22/06/14,11:03U,50,50,21.0760,FT8,565A,PL09,##,,China,,,8,
YD7AAE,22/06/14,11:04U,-22,-07,21.0760,FT8,794A,,##,,Indonesia,,,8,
BG7SAY,22/06/14,11:06U,-14,-16,21.0760,FT8,565A,OL53,J*,,China,,,8,
YL2NX,22/06/14,12:20U,-23,-19,21.0742,FT8,749A,KO27,##Q,,Latvia,,,8,
ZS6ZA,22/06/14,12:25U,-22,-16,21.0742,FT8,822A,KG43,##,,"South Africa",,,8,
V31DL,22/06/15,01:28U,-14,-24,21.074,FT8,752A,,##,,Belize,,,8,
4X1UF,22/06/15,02:31U,-24,-19,21.0763,FT8,523A,KM72,##Q,,Israel,,,8,
W9YSX,22/06/15,03:54U,-14,-11,21.0763,FT8,784A,,##,,"United States of America",,,8,
JA4FFZ,22/06/15,15:50J,59,59,7.04261,FT8,310101,PM64,J#Q,太田敏義,岡山市北区,,,0,user
JP7BRB,22/06/15,15:52J,-09,+10,7.04261,FT8,,QM08,##Q,,,,,0,
JA9IRN,22/06/15,15:53J,-06,-06,7.04261,FT8,2901,PM86,ASR,竹内,福井県福井市,,,0,hQSL
JA7FVT,22/06/15,15:54J,+04,+03,7.04261,FT8,,QM08,J*,,,,,0,
JH7KEY,22/06/15,15:55J,-02,+03,7.04261,FT8,,QM07,##Q,,,,,0,
JE1GZR,22/06/15,15:56J,-01,-04,7.04261,FT8,1106,PM95,#SR,内田,神奈川県藤沢市,,,0,hQSL
JF4IJN,22/06/15,15:57J,+00,+01,7.04261,FT8,,PM64,J*,,,,,0,
JO4KLT,22/06/15,15:58J,-05,-08,7.04261,FT8,3510,PM64,##Q,"徳永  (TOKU)",広島県三次市,,,0,user
JA9OQO,22/06/15,15:57J,-11,-04,7.04261,FT8,2811,,JSE,柴,富山県射水市,,,0,hQSL
JK1OTP,22/06/15,15:59J,+02,-05,7.04261,FT8,100101,,##,中島(TOSHI),東京都千代田区,,,0,user
JO4KLT,22/06/15,15:58J,59,59,7.04261,FT8,3510,PM64,#LQ,"徳永  (TOKU)",広島県三次市,,,0,user
JH3AOO,22/06/15,16:01J,50,51,7.04261,FT8,2705,PM74,#SR,小野,兵庫県西宮市,,,0,hQSL
JO4JUE,22/06/15,16:02J,50,51,7.04261,FT8,3111,PM64,ASR,"三浦 佐敏",岡山県高梁市,,,0,hQSL
JG1JEO,22/06/15,16:03J,51,50,7.04261,FT8,1415,QM06,##Q,永山/Yama,茨城県北茨城市,,,0,user
JA7AEM,22/06/15,16:05J,+04,+02,7.04261,FT8,0602,QM08,JW,"樋口  知雄",宮城県石巻市,,,0,hQSL
JM1GSA,22/06/15,16:06J,50,50,7.04261,FT8,1407,PM96,ASQ,"森戸 敏夫",茨城県結城市,,,0,hQSL
JG1BAG,22/06/15,16:07J,+3,+3,7.04261,FT8,1216,QM05,#SR,小林孝良,千葉県習志野市,,,0,hQSL
JA3WPK,22/06/15,16:08J,50,52,7.04261,FT8,2531,PM74,##Q,坪井,大阪府東大阪市,,,0,user
JR1EYS,22/06/15,16:09J,+02,+00,7.04261,FT8,1220,PM95,ASR,知久/ちく,千葉県流山市,,,0,hQSL
JA3QOS,22/06/15,16:09J,+02,+04,7.04261,FT8,2207,PM74,#S,"上村 K.Tohru",京都府亀岡市,,,0,hQSL
JK3UDU,22/06/15,16:11J,-01,-10,7.04261,FT8,2512,PM74,#SR,武野/Take,大阪府枚方市,,,0,hQSL
JA3GHI,22/06/15,16:11J,+03,-01,7.04261,FT8,2403,PM74,J#Q,"浦嶋 yoshi",奈良県大和郡山市,,,0,user
JF0WBW,22/06/15,16:14J,-20,-16,7.04261,FT8,0921,PM86,A#Q,清水,長野県安曇野市,,,0,user
JN1VSI,22/06/15,16:16J,+02,-04,7.04261,FT8,,QM06,J#Q,,,,,0,
JI1KTU,22/06/15,16:17J,50,50,7.04261,FT8,1426,QM06,A#Q,"佐藤  昭宏",茨城県那珂市,,,0,user
BG2EFX,22/06/16,12:05U,-02,-03,7.074,FT8,565A,PN26,##Q,,China,,,0,
JA0EYV,22/06/17,15:17J,+03,+08,7.04242,FT8,0919,PM96,J*Q,"出川  久恭",長野県千曲市,,,0,user
JJ2UDF/P,22/06/17,15:15J,+01,+26,7.04242,FT8,2107,PM96,JWE,杉野文則,三重県鈴鹿市,,,0,hQSL
JA1NIL,22/06/17,15:19J,-12,-19,7.04242,FT8,100120,PM95,#SQ,早川,東京都練馬区,,,0,hQSL
JA0ECZ,22/06/17,15:22J,-15,-05,7.04242,FT8,0809,PM97,JSE,石附(ｲｼﾂﾞｷ),新潟県加茂市,,,0,hQSL
JA1HLF,22/06/17,15:23J,-05,-01,7.04242,FT8,100119,PM95,A#Q,平野進,東京都板橋区,,,0,user
JH1ECN,22/06/17,15:23J,+02,+11,7.04242,FT8,1223,QM05,JSE,平野,千葉県鴨川市,,,0,hQSL
NH6V,22/06/18,00:46U,599,599,21.024,CW,663A,,J*,,Hawaii,60,"ALL AS",8,
U3T,22/06/18,02:35U,599,599,21.024,CW,733A,,J*,,"European Russia",62,,8,
N5BV,22/06/18,02:37U,599,599,21.024,CW,784A,,J*,,"United States of America",60,,8,
JN4THO,22/06/13,14:21J,+07,-05,7.041,FT8,3509,,JWE,"猶崎 NAO",広島県府中市,,,0,hQSL
N6TV,22/06/18,05:23U,599,599,21.007,CW,784A,,J*,,"United States of America",62,,8,
KL7SB,22/06/18,06:35U,599,599,14.013,CW,667A,,J*,,Alaska,59,,8,
4F3OM,22/06/19,06:38U,599,599,21.093,CW,758A,,J*,,,63,,8,
BD7BW,22/06/19,06:53U,599,599,21.093,CW,565A,,J*Q,,China,51,,8,
YD3CER,22/06/20,02:26U,-08,+04,21.0759,FT8,794A,OI62,##,,Indonesia,,,8,
VK2CJR,22/06/20,02:37U,-18,-19,21.0763,FT8,759A,QF56,##Q,,Australia,,,8,
YD9RRJ,22/06/20,02:43U,-05,-04,21.0763,FT8,794A,PI58,J*,,Indonesia,,,8,
CO8LY,22/06/20,03:02U,-13,-04,21.0763,FT8,577A,FL20,##,,Cuba,,,8,
VU3WAW,22/06/20,03:04U,-23,-14,21.0763,FT8,,NK03,J#Q,,,,,8,
JG1IIF,22/06/21,09:58J,-09,-02,7.04134,FT8,14012,QM06,ASQ,"林  雅男",茨城県東茨城郡,,,0,hQSL
JA2UIV,22/06/21,11:24J,-03,+02,7.04134,FT8,2006,PM84,JSE,森田謙三,愛知県半田市,,,0,hQSL
JA7EXM,22/06/22,14:17J,-04,-07,7.04216,FT8,0703,,A#Q,"長沢  守",福島県郡山市,,,0,user
JG1NDM/P,22/06/22,16:14J,+02,-11,7,FT8,,QM06,ASR,定成,,,,0,hQSL
JR0UBE,22/06/22,16:35J,+01,+21,7.04216,FT8,0907,PM96,ASE,"安藤""Yoshi""",長野県須坂市,,,0,hQSL
JA3OEN,22/06/22,16:37J,-07,+03,7.04216,FT8,24005B,PM74,J*,牧野鋼三,奈良県磯城郡田原本町,,,0,user
JA3GZF,22/06/22,19:54J,-10,-14,3.53216,FT8,2309,PM84,#SR,"松尾  裕",滋賀県甲賀市,,,0,hQSL
JE1YEM,22/06/22,20:00J,-15,-12,3.53216,FT8,,PM95,J*,,,,,0,
JK1LUY,22/06/22,20:03J,-02,-08,3.53216,FT8,,PM96,##Q,,,,,0,
XV1X,22/06/23,05:46U,-06,+00,21.0751,FT8,514A,OL21,##,,Vietnam,,,8,
HC2AO,22/06/23,06:04U,-05,-02,21.0751,FT8,627A,FI07,##Q,,Ecuador,,,8,
JF9BAO,22/06/23,19:50J,+00,+04,7.04216,FT8,28003C,PM86,A#Q,森岡,富山県下新川郡入善町,,,0,user
7M1ANM,22/06/23,19:51J,-03,+02,7.04216,FT8,1319,PM95,#SE,安藤/Syu,埼玉県上尾市,,,0,hQSL
JN1CDX,22/06/23,19:52J,+03,-04,7.04216,FT8,1010,PM95,ASQ,西野,東京都町田市,,,0,hQSL
JA0HNN,22/06/23,19:54J,+03,+20,7.04216,FT8,080101,PM97,J*,益田,新潟市北区,,,0,user
7M1HID,22/06/23,19:55J,-04,-03,7.04216,FT8,,,A#Q,,,,,0,
7K1CPT,22/06/23,19:56J,-12,-03,7.04216,FT8,,PM95,##,,,,,0,
JE3AIE,22/06/23,19:58J,-03,+09,7.04216,FT8,26006,PM73,JSR,"佐々木  了",和歌山県東牟婁郡,,,0,hQSL
JA7FLI,22/06/23,19:59J,+03,+01,7.04216,FT8,,QM09,##Q,,,,,0,
JK2NNF,22/06/25,08:41J,-09,+07,7.04180,FT8,200102,PM85,JWR,福岡達昭Aki,名古屋市東区,,,0,hQSL
JE4QPJ,22/06/25,08:43J,-01,+04,7.04180,FT8,31020A,PM64,#SQ,"梶原  toshi",岡山県加賀郡吉備中央町,,,0,hQSL
JA8IER,22/06/25,08:42J,-13,-07,7.04180,FT8,010107,QN03,#SR,真柳,札幌市西区,,,0,hQSL
JA4JVE,22/06/25,08:45J,+03,+20,7.04180,FT8,3502,PM64,JSE,"住吉 邦之",広島県呉市,,,0,hQSL
JH1WGV,22/06/25,08:47J,-04,+05,7.04180,FT8,,PM95,J#Q,,,,,0,
JR1EMO,22/06/25,08:48J,-04,+10,7.04180,FT8,1325,PM95,##Q,"松井  秀男",埼玉県入間市,,,0,user
7K4GDC,22/06/25,08:53J,-17,-04,7.04180,FT8,13006D,PM96,##Q,サトウヒロキ,埼玉県児玉郡神川町,,,0,user
JS2GSW,22/06/25,09:31J,+00,-03,7.04153,FT8,1816,PM95,#SQ,"伊藤  達也",静岡県御殿場市,,,0,hQSL
JE2QLZ,22/06/25,09:32J,-11,-06,7.04153,FT8,1901,PM85,#SR,"市岡  Shin",岐阜県岐阜市,,,0,hQSL
AH6HY,22/06/25,06:19U,-03,-06,21.0746,FT8,,BL11,##Q,,,,,0,
YO3HOT,22/06/25,06:21U,-15,-09,21.0746,FT8,,KN34,##Q,,,,,0,
N7QT,22/06/25,06:24U,-18,-10,21.0746,FT8,,DM42,##,,,,,0,
9M2DA,22/06/25,06:36U,-16,-05,21.0746,FT8,549A,OJ12,##Q,,"West Malaysia",,,0,
BG5CCB,22/06/26,03:34U,59,59,21.0746,FT8,565A,PL09,##,,China,,,8,
VE7SV,22/06/26,04:55U,59,59,21.0746,FT8,758A,CN99,##,,"Canada (British Columbia)",,,8,
YB9IPY,22/06/26,06:09U,59,59,21.0746,FT8,794A,OI91,##,,Indonesia,,,8,
JH8LAJ,22/06/26,15:11J,59,59,21.0746,FT8,01024,,ASR,高波秀幸,北海道亀田郡,,,0,hQSL
YB8RW/P,22/06/26,05:57U,59,59,21.0746,FT8,794A,PJ21,##,,Indonesia,,,0,
A61R,22/06/26,06:18U,59,59,21.0746,FT8,561A,LL74,##,,"United Arab Emirates",,,8,
VR2VUY,22/06/26,08:46U,59,59,21.0746,FT8,780A,OL72,A#Q,,"Hong Kong",,,8,
JH4ATC,22/06/26,18:13J,59,59,7.04141,FT8,3303,PM53,ASQ,"中冨  孝雄",山口県宇部市,,,0,hQSL
JR1KAG,22/06/26,18:14J,59,59,7.04141,FT8,100115,,##,長島壯夫,東京都杉並区,,,0,user
JA3DU,22/06/26,18:15J,59,59,7.04141,FT8,2405,PM74,J*,林田好信,奈良県橿原市,,,0,user
JL6HXC,22/06/26,18:16J,59,59,7.04141,FT8,4601,PM51,JSR,"上  カミ",鹿児島県鹿児島市,,,0,hQSL
JA4ENY,22/06/26,18:16J,59,59,7.04141,FT8,3514,PM64,##Q,"三和  敬昭",広島県廿日市市,,,0,user
JH7GFA,22/06/26,18:18J,59,59,7.04141,FT8,,QM08,ASR,那須,,,,0,hQSL
JA6JRG,22/06/26,18:19J,59,59,7.04141,FT8,4202,PM43,J#Q,平島（ﾋﾗｼﾏ）,長崎県佐世保市,,,0,user
BV2TV,22/06/26,10:49U,59,59,7.07441,FT8,566A,PL05,##Q,,Taiwan,,,8,
BG6SET,22/06/27,00:11U,-10,-16,21.0744,FT8,565A,OM70,#$,,China,,,8,
YD9RRP,22/06/27,00:16U,-07,-03,21.0744,FT8,794A,PI58,J*,,Indonesia,,,8,
BD5CAM,22/06/27,00:30U,-02,-07,21.0744,FT8,565A,PL09,##,,China,,,8,
BH8PUN,22/06/27,00:39U,-15,-18,21.0744,FT8,565A,OL25,##,,China,,,8,
JQ1FPN,22/06/24,08:49J,-01,5-0,7,FT8,110102,,J#Q,"松井  隆明",横浜市神奈川区,,,0,user
JG5KJN,22/06/25,08:50J,+00,+00,7,FT8,3601,,JSR,大山(Toshi),香川県高松市,,,0,hQSL
JH2FNN,22/06/25,08:52J,-04,-04,7,FT8,200107,,J#Q,"藤村  英治",名古屋市昭和区,,,0,user
LU8HGI,22/06/27,11:02U,-19,-16,7.07468,FT8,673A,FF87,##Q,,Argentina,,,8,
LW4EAZ,22/06/27,11:05U,-23,-19,7.07468,FT8,673A,,##,,Argentina,,,8,
BX2AIL,22/06/27,11:15U,-17,-11,7.07468,FT8,566A,PL05,J#,,"Taiwan    (1st & 3rd Class)",,,8,
CE1PTT,22/06/27,21:49U,-10,-10,21.0751,FT8,572A,FH41,##,,Chile,,,8,
YD7VNX,22/06/28,01:30U,-12,-18,21.0751,FT8,794A,OI88,##Q,,Indonesia,,,8,
JE1HIM,22/06/28,10:32J,+02,-03,21.0751,FT8,1231,,#SQ,"奥田  正人",千葉県印西市,,,0,hQSL
BD3GNI,22/06/28,01:37U,-03,-09,21.0751,FT8,565A,,##,,China,,,8,
3D2AJT,22/06/28,01:57U,-10,+20,21.074,FT8,509A,RH82,J*,,Fiji,,,8,
ZL1VAH,22/06/28,02:01U,-23,-12,21.0751,FT8,817A,RF72,##,,"New Zealand",,,8,
7K1MEZ,22/06/28,11:02J,-06,+01,21.0751,FT8,110303,PM95,A#Q,棚橋,川崎市中原区,,,0,user
BG7IDX,22/06/28,02:06U,+00,-08,21.0751,FT8,565A,OL62,J#,,China,,,8,
JL1QYP,22/06/28,13:01J,-03,-22,144.461,FT8,100112,PM95,J#,矢木,東京都世田谷区,,,0,user
JE1AZH,22/06/28,13:27J,+01,+19,21.0751,FT8,134403,PM95,##Q,"小勝 ｺｶﾂ",さいたま市大宮区,,,0,user
JH7OTG,22/06/28,13:28J,+00,-08,21.0751,FT8,060101,QM08,##Q,石田,仙台市青葉区,,,0,user
HL2EIZ,22/06/28,04:29U,+00,-06,21.0751,FT8,634A,PM37,##,,"Republic of Korea",,,8,
7K3QPL,22/06/28,13:30J,-06,+05,21.0751,FT8,,QM05,J#,,,,,0,
JA4BJU,22/06/28,13:31J,-06,-04,21.0751,FT8,3308,PM64,A#Q,"鐘江勇 ｶﾈｶﾞｴ",山口県岩国市,,,0,user
PY5WW,22/06/29,09:28U,-19,-15,7.07492,FT8,693A,GG54,##,,"Brazil (Parana)",,,8,
JM1QUJ,22/06/30,10:19J,-01,+03,7.04189,FT8,1514,,#LE,深澤,栃木県さくら市,,,0,hQSL
8N1TO,22/06/30,11:03J,-09,+03,7.04189,FT8,1233,QM05,JSE,富里ローカル,千葉県富里市,,,0,hQSL
JR2IGV,22/06/30,11:05J,-01,+06,7.04189,FT8,2008,PM84,A#,夏目,愛知県豊川市,,,0,user
ZL1PWD,22/06/30,05:36U,-24,-02,21.0750,FT8,817A,RF74,##,,"New Zealand",,,8,
V73MS,22/06/30,08:39U,-07,-13,21.0748,FT8,756A,RJ39,##,,"Marshall Is.",,,8,
ZL1MVL,22/07/01,01:55U,-16,-04,21.0746,FT8,817A,RF74,A#,,"New Zealand",,,8,
HS2AQG,22/07/01,05:07U,-14,-07,21.0746,FT8,637A,OK02,##,,Thailand,,,8,
W6DR,22/07/01,05:11U,-11,-09,21.0763,FT8,784A,CM87,##,,"United States of America",,,8,
JA4LZC,22/06/24,14:53J,+06,-06,7,FT8,,,J#Q,,,,,0,
JS2JNG,22/07/01,14:57J,-13,-07,7.04252,FT8,2003,PM84,J#,"後夷  えびす",愛知県岡崎市,,,0,user
JG3RIG,22/07/01,15:00J,-04,+12,7.04252,FT8,2601,PM74,ASE,"嶋村 博文",和歌山県和歌山市,,,0,hQSL
JA9ASN,22/07/01,15:03J,-24,+15,7.04252,FT8,2806,PM86,A#Q,石橋憲耿,富山県滑川市,,,0,user
DL5AN,22/07/01,08:23U,-25,-06,21.0746,FT8,588A,JN49,##,,"Fed. Rep. of Germany",,,8,
JI2KLU,22/07/01,19:55J,+07,+08,144.461,FT8,200106,PM85,#S,"則竹 俊樹",名古屋市中区,,,0,hQSL
JA0GWB,22/07/01,20:04J,-13,-26,144.461,FT8,080103,PM97,J#,西巻順一/JUN,新潟市中央区,,,0,user
JE2NRP,22/07/01,20:08J,-16,+02,144.461,FT8,1806,PM95,ASR,杉田,静岡県三島市,,,0,hQSL
LU1AAX,22/07/01,11:35U,-18,-15,7.07529,FT8,673A,GF05,##Q,,Argentina,,,8,
BX6ABC,22/07/01,11:51U,-16,-11,7.07529,FT8,566A,PL03,##Q,,"Taiwan    (1st & 3rd Class)",,,8,
JP3WSW/P,22/07/01,21:04J,+29,+04,144.461,FT8,200105,PM85,J$Q,"赤川  大",名古屋市中村区,,,0,user
8N050S/0,22/07/02,08:21J,59,59,433.020,FM,,,N,,,,,0,
BW2/JP1RIW,22/07/01,23:30U,-01,-03,21.0752,FT8,566A,,##Q,,Taiwan,,,10,
RA0LX,22/07/01,23:32U,-09,-02,21.0752,FT8,732A,PN65,##Q,,"Asiatic Russia",,,8,
K0IEA,22/07/02,01:19U,-08,+00,21.0750,FT8,784A,EN35,##,,"United States of America",,,8,
JQ3TAN,22/07/02,13:33J,+13,-20,144.461,FT8,2201,PM74,##,森本,京都府京都市,,,0,user
JF2GHV,22/07/02,13:35J,+13,-07,144.461,FT8,,PM84,A#Q,,,,,0,
JH3FOM,22/07/02,13:36J,-17,-21,144.461,FT8,2401,,#SR,黒田健二郎,奈良県奈良市,,,0,hQSL
8J3IPA,22/07/02,15:26J,-19,-18,144.461,FT8,,PM74,##,,,,,0,
JA1VSL,22/07/02,15:26J,-16,-16,144.461,FT8,,,##,,,,,0,
CX9AU,22/07/02,11:03U,-16,-11,7.07506,FT8,582A,GF15,##Q,,Uruguay,,,8,
CX3VB,22/07/02,10:56U,-15,-16,7.07506,FT8,582A,GF15,##Q,,Uruguay,,,8,
JA2AUV,22/07/02,21:04J,599,599,430.052,CW,,,N,,,"6m AND DOWN　コンテスト 59919L"," 430.052MHz",0,
JF2CRP/0,22/07/02,21:07J,599,599,144.057,CW,,,N,,,"6m AND DOWN　コンテスト 59909M"," 144.057MHz",0,user
JP3WSW/2,22/07/02,21:08J,599,599,144.084,CW,,,N,,,"6m AND DOWN　コンテスト 59920M"," 144.084MHz",0,user
JS2KHM,22/07/02,21:10J,599,599,144.070,CW,,,"N Q",,,"6m AND DOWN　コンテスト 59920M"," 144.070MHz",0,hQSL
JH0KSP/0,22/07/02,21:12J,599,599,430.069,CW,,,N,,,"6m AND DOWN　コンテスト 59909M"," 430.069MHz",0,user
JI1AQY/0,22/07/02,21:16J,599,599,430.059,CW,,,"N Q",,,"6m AND DOWN　コンテスト 59909M"," 430.059MHz",0,
JR1UJX/2,22/07/02,21:20J,599,599,50.064,CW,,,NEE,松永,,"6m AND DOWN　コンテスト 59919P"," 50.064MHz",0,hQSL
JJ0HPI/0,22/07/02,21:23J,599,599,50,CW,,,N,,,"6m AND DOWN　コンテスト 59909M"," 433.040MHz",0,
JA2YEF,22/07/02,21:31J,59,59,433.060,FM,,,N,,,"6m AND DOWN　コンテスト 5920M"," 433.060MHz",0,
JS2LGP/2,22/07/02,21:32J,59,59,433.020,FM,,,N,,,"6m AND DOWN　コンテスト 5921M"," 433.020MHz",0,
JH2AFP,22/07/02,21:33J,59,59,433.040,FM,,,N,,,"6m AND DOWN　コンテスト 5919L"," 433.040MHz",0,user
JS2FVD,22/07/02,21:35J,59,59,433.120,FM,,,N,,,"6m AND DOWN　コンテスト 5920M"," 433.120MHz",0,
JL8XSO/2,22/07/02,21:36J,59,59,433.240,FM,,,N,,,"6m AND DOWN　コンテスト 5920P"," 433.240MHz",0,
JI2VEV,22/07/02,21:39J,59,59,1294.98,FM,,,N,,,"6m AND DOWN　コンテスト 5920P"," 1294.980MHz",0,user
JS2JHJ,22/07/02,21:40J,59,59,1295.02,FM,,,N,,,"6m AND DOWN　コンテスト 5920L"," 1295.020MHz",0,
JI2IWE/2,22/07/02,21:45J,59,59,1295.04,FM,,,N,,,"6m AND DOWN　コンテスト 5919P"," 1295.040MHz",0,
JK2EIJ/0,22/07/02,21:47J,599,599,1294.05,CW,,,N,,,"6m AND DOWN　コンテスト 59909P"," 1294.052MHz",0,
JN2QCV/2,22/07/02,21:49J,599,599,1294.07,CW,,,"N Q",,,"6m AND DOWN　コンテスト 59919P"," 1294.075MHz",0,hQSL
JE2WWB,22/07/02,21:54J,599,599,144.060,CW,,,N,,,"6m AND DOWN　コンテスト 59920M"," 144.060MHz",0,hQSL
JA6QQL/2,22/07/02,21:56J,599,599,144.065,CW,,,N,,,"6m AND DOWN　コンテスト 59920M"," 144.065MHz",0,
JR3KQJ/3,22/07/02,21:58J,599,599,144.082,CW,,,N,masa,,"6m AND DOWN　コンテスト 59927M"," 144.082MHz",0,user
JK2NNF,22/07/02,21:59J,599,599,144.085,CW,,," ER",福岡達昭Aki,,"6m AND DOWN　コンテスト 59920M"," 144.085MHz",0,hQSL
JH2CMH,22/07/02,22:04J,599,599,144.058,CW,2032,PM85," EE",,愛知県日進市,"6m AND DOWN　コンテスト 59920P"," 144.058MHz",0,hQSL
JG2YIV/2,22/07/02,22:14J,599,599,144.074,CW,,,N,,,"6m AND DOWN　コンテスト 59919M"," 144.074MHz",0,
JS2MKU,22/07/02,22:24J,599,599,50.070,CW,,,N,,,"6m AND DOWN　コンテスト 59920M"," 50.070MHz",0,user
JE2PCY,22/07/02,22:26J,599,599,50.076,CW,,,N,,,"6m AND DOWN　コンテスト 59921H"," 50.076MHz",0,
JH0MUC/0,22/07/02,22:27J,599,599,50.079,CW,,,N,,,"6m AND DOWN　コンテスト 59909M"," 50.079MHz",0,
JP3XBN/3,22/07/02,22:43J,59,59,144.310,SSB,,," EE",,,"6m AND DOWN　コンテスト 5923M"," 144.310MHz",0,hQSL
JN2AMD/3,22/07/02,22:46J,59,59,144.315,SSB,,,N,,,"6m AND DOWN　コンテスト 5927M"," 144.315MHz",0,hQSL
JG2RDC/2,22/07/02,22:54J,59,59,432.940,FM,,,N,,,"6m AND DOWN　コンテスト 5919L"," 432.940MHz",0,user
JS2LJW,22/07/02,22:57J,59,59,433.160,FM,,,N,,,"6m AND DOWN　コンテスト 5919M"," 433.160MHz",0,
JG2YIV/2,22/07/02,23:00J,59,59,433.260,FM,,,N,,,"6m AND DOWN　コンテスト 5919L"," 433.260MHz",0,
JP2XDG,22/07/02,23:05J,59,59,432.960,FM,,,N,,,"6m AND DOWN　コンテスト 5920L"," 432.960MHz",0,user
JR3KQJ/3,22/07/03,02:34J,599,599,50.082,CW,,,N,masa,,"6m AND DOWN　コンテスト 59927M"," 50.082MHz",0,user
JJ3JHP,22/07/03,06:10J,599,599,144.079,CW,,,N,,,"6m AND DOWN　コンテスト 59923M"," 144.079MHz",0,user
JE7RIT/2,22/07/03,06:16J,599,599,144.064,CW,,,N,,,"6m AND DOWN　コンテスト 59918M"," 144.064MHz",0,user
JR2MIO/3,22/07/03,06:22J,599,599,144.081,CW,,,N,,,"6m AND DOWN　コンテスト 59924M"," 144.081MHz",0,
JS2PVJ/0,22/07/03,06:56J,599,599,144.072,CW,,,N,,,"6m AND DOWN　コンテスト 59909M"," 144.072MHz",0,
JE2QBL/2,22/07/03,07:08J,599,599,50.079,CW,,,N,,,"6m AND DOWN　コンテスト 59919M"," 50.079MHz",0,hQSL
JR2MIO/3,22/07/03,07:12J,599,599,50.053,CW,,,N,,,"6m AND DOWN　コンテスト 59924M"," 50.053MHz",0,
JA3KYS/3,22/07/03,07:14J,599,599,50.081,CW,,,N,,,"6m AND DOWN　コンテスト 59927P"," 50.081MHz",0,
JK2NNU/2,22/07/03,07:18J,599,599,50.084,CW,,,N,,,"6m AND DOWN　コンテスト 59920L"," 50.084MHz",0,
JA5WPR/5,22/07/03,07:29J,599,599,50.072,CW,,,"N Q",,,"6m AND DOWN　コンテスト 59937M"," 50.072MHz",0,
JF2FIU,22/07/03,07:31J,599,599,50.077,CW,2002,,N,丸川/mark,愛知県豊橋市,"6m AND DOWN　コンテスト 59920M"," 50.077MHzthis ADIF file is based on the internal reco",0,user
JF2WXS/2,22/07/03,07:40J,599,599,50.062,CW,,,N,,,"6m AND DOWN　コンテスト 59919M"," 50.062MHz",0,user
JR1UJX/2,22/07/03,07:42J,599,599,50.066,CW,,,"N E",松永,,"6m AND DOWN　コンテスト 59919P"," 50.066MHz  Dupe",0,hQSL
JH3WNZ/3,22/07/03,07:47J,59,59,144.262,SSB,,,N,西村,,"6m AND DOWN　コンテスト 5925M"," 144.262MHz",0,user
JQ3LLX/3,22/07/03,07:51J,59,59,144.277,SSB,,,EEE,,,"6m AND DOWN　コンテスト 5922M"," 144.277MHz eQSL",0,hQSL
JJ2YQT/2,22/07/03,07:54J,59,59,144.285,SSB,,,N,,,"6m AND DOWN　コンテスト 5920M"," 144.285MHz",0,
JJ2QKZ/2,22/07/03,07:57J,59,59,144.325,SSB,,,N,,,"6m AND DOWN　コンテスト 5920L"," 144.325MHz",0,hQSL
JE2QBL/2,22/07/03,08:08J,59,59,144.315,SSB,,,N,,,"6m AND DOWN　コンテスト 5919M"," 144.315MHz",0,hQSL
JG2RDC/2,22/07/03,08:17J,59,59,144.323,SSB,,,N,,,"6m AND DOWN　コンテスト 5919L"," 144.323MHz",0,user
JA2JWH,22/07/03,08:24J,599,599,144.056,CW,,,N,,,"6m AND DOWN　コンテスト 59920M"," 144.056MHz",0,user
JN2AMD/3,22/07/03,08:31J,599,599,50.066,CW,,,N,,,"6m AND DOWN　コンテスト 59927M"," 50.066MHz",0,hQSL
JS6RTJ,22/07/03,08:33J,599,599,50.074,CW,47,,N,,,"6m AND DOWN　コンテスト 59937M"," 50.074MHz",0,
JG2YIV/2,22/07/03,08:42J,599,599,50.084,CW,,,N,,,"6m AND DOWN　コンテスト 59919M"," 50.084MHz",0,
JM2FCJ/2,22/07/03,08:43J,599,599,50.088,CW,,,"N Q",,,"6m AND DOWN　コンテスト 59921M"," 50.088MHz",0,hQSL
JE2PTG/2,22/07/03,09:07J,59,59,144.340,SSB,,,N,,,"6m AND DOWN　コンテスト 5921M"," 144.340MHz",0,hQSL
JJ2YQT/2,22/07/03,09:12J,59,59,432.980,FM,,,N,,,"6m AND DOWN　コンテスト 5920M"," 432.980MHz",0,
JE2QBL,22/07/03,09:16J,59,59,433.080,FM,,,N,,,"6m AND DOWN　コンテスト 5919M"," 433.080MHz",0,hQSL
JE3ARO/3,22/07/03,09:25J,59,59,1295.10,FM,,,N,,,"6m AND DOWN　コンテスト 5923P"," 1295.100MHz",0,
JQ3BPQ/3,22/07/03,09:29J,59,59,432.900,FM,,,N,,,"6m AND DOWN　コンテスト 5924L"," 432.900MHz",0,user
JH3WNZ/3,22/07/03,09:36J,59,59,433.160,FM,,,N,西村,,"6m AND DOWN　コンテスト 5925M"," 433.160MHz",0,user
JP3KTS/2,22/07/03,09:39J,59,59,433.240,FM,,,N,,,"6m AND DOWN　コンテスト 5921L"," 433.240MHz",0,
JH4RAL/3,22/07/03,11:17J,599,599,430.057,CW,,," EE",田中均/DEN,,"6m AND DOWN　コンテスト 59923M"," 430.057MHz",0,hQSL
JP7PQF/1,22/07/03,11:24J,599,599,144.053,CW,,,N,,,"6m AND DOWN　コンテスト 59912M"," 144.053MHz",0,
JF6ZKL/6,22/07/03,12:32J,599,599,50.085,CW,,,N,,,"6m AND DOWN　コンテスト 59946M"," 50.085MHz",0,
JE8KGH,22/07/03,12:35J,599,599,50.065,CW,,,N,,,"6m AND DOWN　コンテスト 599106H"," 50.065MHz",0,
JM6EKY,22/07/03,12:39J,599,599,50.063,CW,4601,PM51,"N Q",福徳清久KIYO,鹿児島県鹿児島市,"6m AND DOWN　コンテスト 59946M"," 50.063MHz",0,user
JR8QMO,22/07/03,12:54J,599,599,50.085,CW,,,N,,,"6m AND DOWN　コンテスト 599103M"," 50.085MHz",0,
JR8OGB,22/07/03,13:17J,599,599,50.083,CW,0103,,N,,,"6m AND DOWN　コンテスト 599108H"," 50.083MHz",0,
7K1MAG/2,22/07/03,13:24J,599,599,50.065,CW,,,N,,,"6m AND DOWN　コンテスト 59920M"," 50.065MHz",0,
JK2XXK/2,22/07/03,13:32J,599,599,50.071,CW,,,NEE,,,"6m AND DOWN　コンテスト 59918M"," 50.071MHz",0,hQSL
JR6YAA,22/07/03,13:37J,599,599,50.076,CW,47,PL36,N,,,"6m AND DOWN　コンテスト 59947M"," 50.076MHz",0,
JI2QIX/2,22/07/03,13:41J,59,59,433.060,FM,,,N,後藤,,"6m AND DOWN　コンテスト 5920M"," 433.060MHz",0,
JN2PXP,22/07/03,13:42J,59,59,433.120,FM,,,N,,,"6m AND DOWN　コンテスト 5921L"," 433.120MHz",0,hQSL
JH2CMH,22/07/03,13:44J,59,59,433.140,FM,2032,PM85," EE",,愛知県日進市,"6m AND DOWN　コンテスト 5920P"," 433.140MHz",0,hQSL
JJ2CDL/2,22/07/03,14:12J,59,59,432.820,FM,,,N,,,"6m AND DOWN　コンテスト 5920M"," 432.820MHz",0,hQSL
JM2FCJ/2,22/07/03,14:14J,59,59,432.980,FM,,,"N Q",,,"6m AND DOWN　コンテスト 5921M"," 432.980MHz",0,hQSL
JE8TRU/2,22/07/03,14:44J,59,59,433.160,FM,,," EE",,,"6m AND DOWN　コンテスト 5920M"," 433.160MHz",0,hQSL
JH1FOT/2,22/07/03,14:51J,59,59,50.385,SSB,,,N,,,"6m AND DOWN　コンテスト 5919M"," 50.385MHz",0,
JJ2WXO/2,22/07/03,14:54J,59,59,50.430,SSB,,,N,,,"6m AND DOWN　コンテスト 5919L"," 50.430MHz",0,hQSL
JH3FYC/3,22/07/03,14:55J,59,59,50.437,SSB,,,N,,,"6m AND DOWN　コンテスト 5922M"," 50.437MHz",0,
WB6IZG,22/07/04,03:52U,-19,-19,21.074,FT8,784A,DM13,##Q,,"United States of America",,,8,
K6EU,22/07/04,04:12U,-16,-15,21.0751,FT8,784A,CM97,##,,"United States of America",,,8,
U68QWG/R,22/07/04,05:39U,-08,-15,21.0746,FT8,733A,KO87,J#,,"European Russia",,,9,
JK2EBB,22/07/04,15:33J,+00,+11,7.04160,FT8,2010,PM84,ESE,石川,愛知県碧南市,,,0,hQSL
JA0DXW,22/07/04,15:36J,-09,-02,7.04160,FT8,0818,PM97,#SR,"宇田  ""Yoshi",新潟県五泉市,,,0,hQSL
JG2VCQ,22/07/05,07:57J,+02,+16,7.04160,FT8,1901,PM85,JSE,村瀬和利,岐阜県岐阜市,,,0,hQSL
JA9KJQ,22/07/05,07:59J,-16,+06,7.04160,FT8,3010,,JS,西屋,石川県白山市,,,0,hQSL
JA3PZM,22/07/05,08:00J,-02,+25,7.04160,FT8,26003D,PM74,A#Q,大隅/YASU,和歌山県海草郡紀美野町,,,0,user
7K1RVS,22/07/05,08:01J,-09,-04,7.04160,FT8,100111,,#SQ,"高仲  英樹",東京都大田区,,,0,hQSL
JQ1LQV,22/07/05,08:18J,-05,-03,7.04160,FT8,1030,PM95,#SR,井上,東京都西東京市,,,0,hQSL
JN1AQH,22/07/05,08:20J,-09,+16,7.04160,FT8,1503,PM96,J#,"林  清司",栃木県栃木市,,,0,user
JA8EJK,22/07/05,08:22J,-13,-01,7.04160,FT8,0104,QN01,JSE,河原／MITU,北海道函館市,,,0,hQSL
JA0CCL,22/07/05,08:23J,+02,+20,7.04160,FT8,0921,PM86,ASR,宮川HIDE,長野県安曇野市,,,0,hQSL
JF2GCG,22/07/05,08:24J,+00,+01,7.04160,FT8,1817,PM84,ASE,柴本昇司,静岡県袋井市,,,0,hQSL
JO1LAC,22/07/05,08:25J,-12,-03,7.04160,FT8,14012C,,ASR,"鈴木 Kaz",茨城県東茨城郡大洗町,,,0,hQSL
JI0JDC,22/07/05,08:26J,+00,+05,7.04160,FT8,0816,PM87,ASQ,古川/furu,新潟県糸魚川市,,,0,hQSL
JH4MGU,22/07/05,08:27J,+04,+00,7.04160,FT8,3401,PM75,#SR,"太田 atsu",鳥取県鳥取市,,,0,hQSL
JA2GTN,22/07/05,08:28J,-03,+00,7.04160,FT8,2029,PM85,ASR,田中功一,愛知県尾張旭市,,,0,hQSL
JA1XWK,22/07/05,08:29J,-14,+05,7.04160,FT8,1202,QM05,##,"仲村 哲雄",千葉県銚子市,,,0,user
JA3OSA,22/07/05,08:30J,-16,+05,7.04160,FT8,2511,,A#,津嶋,大阪府守口市,,,0,user
8J100KED,22/07/05,09:35J,-06,+02,7.04262,FT8,,,J#,,,,,0,
JT1CO,22/07/05,04:48U,-13,-08,21.0753,FT8,650A,OO20,##,,Mongolia,,,8,
ZL2BX,22/07/05,05:06U,-03,+05,21.0753,FT8,817A,RE68,##,,"New Zealand",,,8,
YJ8RN,22/07/05,06:27U,-06,+07,21.0760,FT8,796A,RH42,##,,Vanuatu,,,8,
YD9RRL,22/07/05,06:30U,-05,-03,21.0760,FT8,794A,PI58,J#,,Indonesia,,,8,
N9BD,22/07/05,11:09U,-24,-14,7.07590,FT8,784A,CM99,##Q,,"United States",,,8,
NL7R,22/07/05,23:57U,-12,+01,21.0758,FT8,667A,BP51,J#,,Alaska,,,8,
VP8ADR,22/07/06,11:03U,-17,-17,7.07587,FT8,772A,GD08,##,,"Falkland Islands",,,8,
CX7FTDM,22/07/06,23:22U,-14,-13,21.0753,FT8,582A,,#L,,Uruguay,"73 not received",,8,
EB2AM,22/07/07,08:34U,-25,-24,21.0746,FT8,590A,IN83,##,,Spain,"73 not received",,8,
JA0ELW,22/07/08,10:08J,-08,-17,7.04167,FT8,0806,PM97,##,阿部,新潟県新発田市,,,0,user
JF1VTR,22/07/08,10:10J,-15,-13,7.04167,FT8,1434,QM06,A#Q,"中村  文雄",茨城県鉾田市,,,0,hQSL
JI3VUB,22/07/08,10:43J,-02,-02,7.04167,FT8,2408,PM74,##,"山口  徹",奈良県御所市,,,0,user
JA1VGV,22/07/08,10:45J,-13,-05,7.04167,FT8,1402,QM06,##Q,"山本  忠",茨城県日立市,,,0,user
JA3WUJ,22/07/08,10:46J,-07,-02,7.04167,FT8,2313,PM85,J#,垣谷嘉隆,滋賀県東近江市,,,0,user
JA1RSA,22/07/08,10:50J,-09,+18,7.04167,FT8,1302,PM95,J#,中野和男,埼玉県川越市,,,0,hQSL
JA2MOG,22/07/08,10:51J,-19,-18,7.04167,FT8,2014,PM84,##Q,"小松  ""Hiro""",愛知県西尾市,,,0,hQSL
JA4FDZ,22/07/08,10:52J,-05,-02,7.04167,FT8,3513,,##Q,平田（KOU）,広島県東広島市,,,0,hQSL
JA3WNB,22/07/08,10:53J,-01,-06,7.04167,FT8,,PM74,J#,,,,,0,
JG3RIG,22/07/08,10:55J,-06,+18,7.04167,FT8,2601,PM74,A#,"嶋村 博文",和歌山県和歌山市,,,0,hQSL
XV9K,22/07/08,06:45U,-13,-16,21.0746,FT8,514A,OK40,##Q,,Vietnam,,,8,
VR25XMT,22/07/08,10:51U,-04,-18,7.07511,FT8,780A,,##,,"Hong Kong",,,8,
BG8AMG,22/07/08,23:50U,-14,-17,14.0751,FT8,565A,OM20,##Q,,China,,,8,
BA6KC,22/07/09,00:05U,-06,-24,14.0751,FT8,565A,OM65,##Q,,China,,,8,
3D2AG,22/07/09,07:40U,-06,-04,21.0747,FT8,509A,RH91,##,,Fiji,,,8,
JH1IDM,22/07/09,20:28J,-22,-04,3.53177,FT8,1104,PM95,##,古屋實,神奈川県平塚市,,,0,hQSL
JA3WPN,22/07/09,20:29J,-12,-10,3.53177,FT8,250202,PM74,J#,植野清隆,堺市中区,,,0,user
BG8TFN,22/07/11,08:44U,-03,-03,21.0747,FT8,565A,OL15,##,,China,,,8,
9V1HY,22/07/11,08:53U,-12,-14,21.0747,FT8,554A,OJ11,##,,Singapore,,,8,
JE1NYS,22/07/08,10:54J,-10,-17,7,FT8,100119,PM95,"J Q",,東京都板橋区,,,0,
US7IS,22/07/11,12:16U,-18,-13,21.0747,FT8,737A,KN98,A#,,Ukraine,,,8,
E51BQ,22/07/12,04:56U,-21,-11,21.0746,FT8,814A,BG08,J#,,"South Cook Islands",,,8,
5W1SA,22/07/12,05:02U,-12,-07,21.0746,FT8,532A,AH46,##,,Samoa,,,8,
ZL6FTDMC,22/07/13,01:39U,-15,+00,21.0754,FT8,817A,,J#,,"New Zealand",,,8,
8B1FTDM,22/07/13,03:31U,-14,-12,21.0754,FT8,794A,,##,,Indonesia,,,8,
7M2ALZ,22/07/13,17:08J,599,599,7.006,CW,1010,,J,,東京都町田市,,,0,
PY5DD,22/07/13,10:33U,-19,-18,7.07602,FT8,693A,GG46,##,,Brazil,,,8,
N4SMF,22/07/13,11:15U,-18,-09,7.07604,FT8,784A,CN80,J#,,"United States",,,8,
JA1UXI,22/07/14,08:37J,-10,-12,7.04285,FT8,1427,PM96,J#,山口/kazu,茨城県筑西市,,,0,user
JR7GIB,22/07/14,08:39J,-18,-14,7.04285,FT8,0701,QM07,A#,"橋本  勇一",福島県福島市,,,0,hQSL
JR1GNB,22/07/14,08:41J,+00,-02,7.04285,FT8,1112,PM95,##,"丹後 雅人",神奈川県秦野市,,,0,user
7K3QPL,22/07/14,08:45J,-24,-11,7.04285,FT8,,QM05,J#,,,,,0,
YH2BH,22/07/14,04:15U,-02,-09,21.0758,FT8,794A,OI53,##,,Indonesia,,,8,
8J8RAN,22/07/14,16:27J,-19,-02,7.04204,FT8,,QN02,J#,,,,,0,
JL2NLJ,22/07/14,16:30J,-05,-05,7.04204,FT8,,PM94,A#,,,,,0,
JH8ISO,22/07/14,16:38J,-07,-07,7.04238,FT8,,QN03,##,,,,,0,
JR3LCF,22/07/14,16:40J,-12,-10,7.04238,FT8,2518,PM74,A#,岸,大阪府河内長野市,,,0,user
JK1LUO,22/07/14,16:41J,+04,+02,7.04238,FT8,1501,,##,中莖,栃木県宇都宮市,,,0,user
JA3MZG,22/07/14,16:42J,-03,+10,7.04238,FT8,2533,PM74,##,"川端 忠司",大阪府四條畷市,,,0,user
JE1LHM,22/07/14,17:44J,+00,+02,7.04297,FT8,1508,PM96,A#,永井/YOSHIO,栃木県小山市,,,0,hQSL
JA9QHP,22/07/14,17:46J,-03,+17,7.04297,FT8,2802,PM86,J#,"大江  雅也",富山県高岡市,,,0,user
JA0LIV,22/07/14,19:40J,+00,-05,7.04297,FT8,080108,PM97,J#,山崎,新潟市西蒲区,,,0,user
JR6LOC,22/07/14,19:41J,-01,-05,7.04297,FT8,4204,PM52,J#,"椎野  勉",長崎県諫早市,,,0,hQSL
JA8XCS,22/07/14,19:42J,-02,+05,7.04297,FT8,0134,QN02,A#,根本koh,北海道北広島市,,,0,user
JA0HFG,22/07/14,19:43J,-08,-02,7.04297,FT8,100121,PM95,##,唐沢俊一,東京都足立区,,,0,hQSL
JH9OKC,22/07/14,19:44J,+02,+11,7.04297,FT8,3003,PM86,##,孫崎/NORI,石川県小松市,,,0,hQSL
JF1AAF,22/07/14,19:45J,-02,+12,7.04297,FT8,1101,PM95,A#,村上,神奈川県横浜市,,,0,user
JH4GNI,22/07/14,19:46J,+03,+03,7.04297,FT8,3110,PM64,J#,"赤澤  常喜",岡山県総社市,,,0,hQSL
DU1/NF0O,22/07/15,01:46U,-16,-04,21.0758,FT8,589A,,##,,Philippines,,,10,
BH3EHP,22/07/15,01:47U,-13,-14,21.0758,FT8,565A,,##Q,,China,,,8,
VK5COL,22/07/15,01:55U,-15,-16,21.0758,FT8,759A,PF84,##,,Australia,,,8,
8J6VLP/6,22/07/15,12:56J,-07,+10,7.04261,FT8,,,J#,,,,,0,
JA7LKA,22/07/15,12:57J,-05,+01,7.04261,FT8,0315,QM09,J#,及川正春,岩手県奥州市,,,0,user
JA2ATE,22/07/15,13:19J,+02,+04,7.04261,FT8,2004,PM85,##,森島,愛知県一宮市,,,0,user
JR1CUC,22/07/15,15:05J,-10,+07,7.04261,FT8,,PM96,J#,,,,,0,
JG1XFN,22/07/15,16:11J,-04,-03,7.04309,FT8,134407,PM95,A#,薄井,さいたま市浦和区,,,0,user
JI7KIW,22/07/15,16:24J,-08,-15,7.04172,FT8,0412,QM09,##,内藤健一,秋田県大仙市,,,0,user
JF1RWZ,22/07/15,16:25J,-05,+09,7.04172,FT8,1314,PM95,##,岡村/JUN,埼玉県春日部市,,,0,user
JG1XUZ,22/07/15,16:28J,-10,+00,7.04172,FT8,100108,PM95,##,"唐澤 HIDE",東京都江東区,,,0,hQSL
JH2RWP,22/07/15,16:29J,-16,-07,7.04172,FT8,19008F,PM85,A#,"神戸  秀雄",岐阜県加茂郡七宗町,,,0,user
JR9KDJ,22/07/15,16:47J,-09,-04,7.04172,FT8,3002,PM87,J#,谷内坂,石川県七尾市,,,0,hQSL
YH7UI,22/07/15,10:48U,-04,-05,21.0745,FT8,794A,OI88,##,,Indonesia,,,8,
VK5PO,22/07/15,10:54U,-10,-06,7.07476,FT8,759A,PF95,A#,,Australia,,,8,
JH7GWO,22/07/15,20:12J,-04,-07,7.04359,FT8,,QM08,A#,,,,,0,
JF1XDQ,22/07/15,20:14J,-02,-05,7.04252,FT8,100123,,A#,林,東京都江戸川区,,,0,hQSL
JM1JIV/P,22/07/15,20:15J,-01,+08,7.04252,FT8,0918,PM96,A#,白瀬敏雄,長野県佐久市,,,0,hQSL
JR6JFR,22/07/15,20:28J,+03,+03,7.04252,FT8,,PM53,J#,,,,,0,
JG3AIR,22/07/15,20:29J,-06,+01,7.04252,FT8,2306,PM75,##,天野,滋賀県草津市,,,0,user
JH7SWR,22/07/15,20:29J,-03,-05,7.04252,FT8,060102,,J#,"山本 /Tyu",仙台市宮城野区,,,0,hQSL
JH1OBY,22/07/15,20:31J,-01,+12,7.04252,FT8,1419,QM05,J#,"杉浦 裕一",茨城県牛久市,,,0,hQSL
JA0EKS,22/07/15,20:32J,-06,-02,7.04252,FT8,0816,PM87,J#,藤田,新潟県糸魚川市,,,0,hQSL
JF3SFK,22/07/15,20:34J,-05,-10,7.04252,FT8,220103,PM75,##,丹尾行宏,京都市左京区,,,0,user
JG8IBY,22/07/15,20:35J,-05,-09,7.04252,FT8,010110,QN03,##,"鍋谷 Aki",札幌市清田区,,,0,user
E22HBS,22/07/15,23:43U,-01,-11,21.0755,FT8,637A,OK03,##,,Thailand,,,8,
PU3MSR,22/07/16,00:33U,-21,-19,21.0762,FT8,693A,GF49,A#,,Brazil,,,8,
